Emp_id,Emp_Name,Emp_Address,City,Country,Product Name,Phone No.,Sales In,Sales Out,Product In,Product Out,HR Team Name,Product  Price,Quality Of Products,Ration Of Sell In-Sell Out,Ratio Of Product In-Product Out,Total Price Of Sale In,% Of Sales In,% Of Sales Out,% Of Pro.In,% Of Pro.Out
1,Ayush ,Naroda,Ahmedabad,India,Laptop,1234467890,4520,4125,9040,3256,Team Dominator,100000,Good,1.09575757575758:1,2.77641277641278:1,5000,110.619469,121.2121212,55.30973451,153.5626536
2,Jay,Nikol,Ahmedabad,India,Chocolate,9874563210,1000,999,2000,998,Alfa Team,10,Good,1.001001001001:1,2.00400801603206:1,5000,500,500.5005005,250,501.002004
3,Maulik,Hanspura,Ahmedabad,India,Coke,7531598426,2000,1999,4000,1998,Team Esports,20,Bad,1.00050025012506:1,2.002002002002:1,5000,250,250.1250625,125,250.2502503
4,Jeet,Dehgam,Ahmedabad,India,Thums Up,7539514826,3000,2999,6000,2998,RCB,20,Bad,1.00033344448149:1,2.00133422281521:1,5000,166.6666667,166.7222407,83.33333333,166.7778519
5,Dev,Dabhoda,Ahmedabad,India,Red Bull,8761269402,4000,3999,8000,3998,CSK,120,Good,1.00025006251563:1,2.00100050025013:1,5000,125,125.0312578,62.5,125.0625313
6,Fenil,Kathwada,Ahmedabad,India,Burger,84015236947,5000,4999,10000,4998,MI,50,Bad,1.000200040008:1,2.00080032012805:1,5000,100,100.020004,50,100.040016
7,Jeel,Chiloda,Ahmedabad,India,Pencil,8469712358,4999,4500,9998,4499,RR,5,Bad,1.11088888888889:1,2.22227161591465:1,5000,100.020004,111.1111111,50.010002,111.135808
8,Yuvraj,Jamalput,Ahmedabad,India,Pen,9547821360,4998,3500,9996,3499,KKR,5,Good,1.428:1,2.85681623320949:1,5000,100.040016,142.8571429,50.020008,142.8979708
9,Devansh,Kalupur,Ahmedabad,India,Milk,4851236970,4997,2500,9994,2499,DC,30,Good,1.9988:1,3.99919967987195:1,5000,100.060036,200,50.03001801,200.080032
10,Rushi,Thane,Mumbai,India,Butter Milk,5429136870,4996,1500,9992,1400,LSG,20,Good,3.33066666666667:1,7.13714285714286:1,5000,100.0800641,333.3333333,50.04003203,357.1428571
11,Rudra,Goregau,Mumbai,India,Dahi,1254789630,4995,1000,9990,900,SRH,10,Good,4.995:1,11.1:1,5000,100.1001001,500,50.05005005,555.5555556
12,Harsh,New Delhi,Delhi,India,Water Bottle,3654127890,4994,500,9988,400,Worriors,10,Bad,9.988:1,24.97:1,5000,100.1201442,1000,50.06007209,1250
13,Maggi,Flim CIty,Mumbai,India,Kingfisher,7598412360,4993,50,9986,20,Knights,500,Bad,99.86:1,499.3:1,5000,100.1401963,10000,50.07009814,25000
14,Amit,Pahelgam,Kashmir,India,Bed,1245789630,4492,4262,8984,3000,Team GOT,29999,Bad,1.05396527451901:1,2.99466666666667:1,5000,111.3089938,117.3158142,55.65449688,166.6666667
15,Rishita,Anna Nagar,Chennai,India,Dabeli,3214569870,4491,2549,8982,2000,Strangers,20,Good,1.76186739897999:1,4.491:1,5000,111.3337787,196.155355,55.66688933,250
16,Hetanshi,Race Course,Coimbatore,India,Samosa,7896541230,4490,3654,8980,3500,Things,12,Bad,1.2287903667214:1,2.56571428571429:1,5000,111.3585746,136.8363437,55.67928731,142.8571429
17,Yash,Gugai,Salem,India,Kachori,4826513790,4489,1523,8978,1500,Blinders,12,Good,2.94747209455023:1,5.98533333333333:1,5000,111.3833816,328.2994091,55.6916908,333.3333333
18,Karan,Katpadi,Vellore,India,Puff,9713245860,4488,4126,8976,4100,Grand,30,Bad,1.08773630634998:1,2.18926829268293:1,5000,111.4081996,121.1827436,55.70409982,121.9512195
19,Jayraj,Naroda,Ahmedabad,India,Tommy Hilfiger,4756891230,4487,3451,8974,3400,AK56,2499,Good,1.30020283975659:1,2.63941176470588:1,5000,111.4330287,144.8855404,55.71651437,147.0588235
20,Deep,Nikol,Ahmedabad,India,US Polo,15647896320,4486,3152,8972,3100,Bareli,2199,Good,1.42322335025381:1,2.8941935483871:1,5000,111.4578689,158.6294416,55.72893446,161.2903226
,,,,,,,,,,,,,,,,,,,,
,,,,,,,,,,,,,,,,,,,,
,,,,,,,,,,,,,,,,,,,,
,,,,,,,,,,,,,,,,,,,,
