SR.No,Veh.No,Veh.Name,Owner Name,Compnay,Transmission,CC,Eng.No,Sales In,Sales Out,Veh.In,Veh.Out,Veh.Price,Quality Of Veh,Ratio Of Sell In-Sell Out,Ration Of Veh.In-Veh.Out,Total Price Of Sale In,% Of Sales In,% Of Sales Out,% Of Veh.In,% Of Veh.Out
1,GJ 01 1912,Bike,Ayush,Shine,Petrol,100,125478dfs6215,455,352,845,700,70000,Good,1.29261363636364:1,1.20714285714286:1,1000000000,219780219.8,284090909.1,118343195.3,142857142.9
2,GJ 01 1913,Car,Dev,BMW,Petrol,300,754815dfsvfe956,452,326,909,800,10000,Bad,1.38650306748466:1,1.13625:1,1000000000,221238938.1,306748466.3,110011001.1,125000000
3,GJ 01 1914,Rikshaw,Jay,Bajaj,Petrol,350,advw457912563,453,125,911,800,125000,Bad,3.624:1,1.13875:1,1000000000,220750551.9,800000000,109769484.1,125000000
4,GJ 01 1915,Bus,Jeel,Ashok Leyland,CNG,900,415369782dv54s,125,45,255,155,20000,BAd,2.77777777777778:1,1.64516129032258:1,1000000000,800000000,2222222222,392156862.7,645161290.3
5,GJ 01 1916,Truck,Jeet,Ashok Leyland,CNG,500,485612fsf4215,452,156,909,750,45000,Good,2.8974358974359:1,1.212:1,1000000000,221238938.1,641025641,110011001.1,133333333.3
6,GJ 01 1917,Activa,Maulik,Honda,Petrol,100,78546gscb1236,856,753,1717,452,125000,Good,1.13678618857902:1,3.79867256637168:1,1000000000,116822429.9,132802124.8,58241118.23,221238938.1
7,GJ 01 1918,Train,Fenil,BNSF,Diesel,5000,457896gsf 125,452,256,909,842,10000000,Good,1.765625:1,1.07957244655582:1,1000000000,221238938.1,390625000,110011001.1,118764845.6
8,GJ 01 1919,Airplan,Yuvraj,Air India,Petrol,10000,7458964gfsd125,452,411,909,1256,9999999,Good,1.09975669099757:1,0.723726114649682:1,1000000000,221238938.1,243309002.4,110011001.1,79617834.39
9,GJ 01 1920,Helicopter,Rishi,Bell,Petrol,1000,7458964gfsd126,654,456,1313,40,945000,Good,1.43421052631579:1,32.825:1,1000000000,152905198.8,219298245.6,76161462.3,2500000000
10,GJ 01 1921,Fighter Jet,Rushi,Bell,Diesel,50000,7458964gfsd127,120,110,245,120,90000000,Bad,1.09090909090909:1,2.04166666666667:1,1000000000,833333333.3,909090909.1,408163265.3,833333333.3
11,GJ 01 1922,Submarin,Rudra,Bell,Petrol,20000,7458964gfsd128,759,542,1523,1456,8000000,Bad,1.40036900369004:1,1.04601648351648:1,1000000000,131752305.7,184501845,65659881.81,68681318.68
12,GJ 01 1923,EV Activa,Devansh,Iqoo,Electricity,125,7458964gfsd129,256,165,517,120,100000,Good,1.55151515151515:1,4.30833333333333:1,1000000000,390625000,606060606.1,193423597.7,833333333.3
13,GJ 01 1924,Bike,Amit,Spelndar,Petrol,125,7458964gfsd130,999,745,2003,652,100000,Good,1.34093959731544:1,3.07208588957055:1,1000000000,100100100.1,134228187.9,49925112.33,153374233.1
14,GJ 01 1925,Car,Payal,Kia,Diesel,450,7458964gfsd131,456,326,917,125,1500000,Bad,1.39877300613497:1,7.336:1,1000000000,219298245.6,306748466.3,109051254.1,800000000
15,GJ 01 1926,Bus,Govind Bhai,Tata,CNG,253,7458964gfsd132,258,125,521,110,4500000,Good,2.064:1,4.73636363636364:1,1000000000,387596899.2,800000000,191938579.7,909090909.1
16,GJ 01 1927,Bus,Jaimin,Ashok Leyland,Diesel,750,7458964gfsd133,753,456,1511,320,300000,Bad,1.65131578947368:1,4.721875:1,1000000000,132802124.8,219298245.6,66181336.86,312500000
17,GJ 01 1928,Bike,Dharmesh,BMW,Petrol,165,7458964gfsd134,519,452,1043,411,140000,Good,1.14823008849558:1,2.53771289537713:1,1000000000,192678227.4,221238938.1,95877277.09,243309002.4
18,GJ 01 1929,Activa,Vidhi,Honda,Petrol,110,7458964gfsd135,458,256,921,180,140000,Bad,1.7890625:1,5.11666666666667:1,1000000000,218340611.4,390625000,108577633,555555555.6
19,GJ 01 1930,Car,Bansari,Pagani,CNG,350,7458964gfsd136,752,351,1509,256,500000,Bad,2.14245014245014:1,5.89453125:1,1000000000,132978723.4,284900284.9,66269052.35,390625000
20,GJ 01 1931,Train,Sakshi,BNSF,Diesel,7500,7458964gfsd137,654,50,1313,1100,9000000,Good,13.08:1,1.19363636363636:1,1000000000,152905198.8,2000000000,76161462.3,90909090.91
